5	21166
160	208
24	125
64	41
9	166
9	166
9	125
1	41
8	125
5	125
17	500
1	41
8	83
4	83
1	83
8	83
4	41
1	41
8	83
5	41
1	83
8	83
5	41
1	41
8	41
5	41
20	83
3	83
1	83
8	41
5	41
3	125
20	166
48	83
48	125
9	83
12	125
9	125
12	166
1	41
8	41
4	83
1	41
8	83
4	0
64	333
88	83
10	41
1	0
8	41
4	83
1	41
8	83
6	41
1	41
8	83
4	41
20	41
18	41
18	41
36	83
32	41
1	41
8	83
35	41
36	41
1	83
8	41
4	41
1	41
8	83
4	41
1	0
8	83
4	0
1	41
8	41
4	41
20	41
12	83
24	41
15	41
20	41
12	41
24	41
15	41
20	41
20	41
1	41
8	41
16	41
32	41
29	41
1	41
8	41
4	41
1	41
8	41
4	41
20	83
1	41
8	41
16	41
32	41
18	83
20	41
1	41
8	41
16	41
17	83
20	41
1	83
8	83
16	41
20	41
20	41
18	41
18	41
36	41
32	41
32	41
64	41
49	41
1	83
8	83
5	0
1	41
8	83
5	41
1	41
8	83
5	41
1	41
8	41
5	0
1	41
8	41
5	41
1	41
8	83
5	41
1	41
8	83
5	41
1	41
8	41
5	41
1	41
8	83
5	0
1	41
8	83
5	41
1	41
8	41
5	41
1	41
8	83
5	41
1	41
8	41
5	41
1	41
8	41
5	41
1	41
8	83
5	41
1	0
8	83
5	0
1	41
8	41
5	41
1	41
8	41
5	41
1	41
8	41
5	41
1	0
8	83
5	41
1	41
8	41
5	41
1	41
8	83
5	41
1	41
8	41
5	41
11	41
3	83
11	41
2	83
18	41
11	83
11	83
11	125
11	83
200	250
72	291
64	41
20	83
1	83
8	41
4	41
1	41
8	83
6	41
1	41
8	83
5	0
1	0
8	83
5	0
1	41
8	0
5	41
1	41
8	83
5	0
1	41
8	83
5	0
1	41
8	41
5	0
1	41
8	41
5	41
1	41
8	83
5	41
1	41
8	41
5	41
1	41
8	83
5	41
1	41
8	41
5	41
1	41
8	41
5	41
1	41
8	41
6	41
1	41
8	41
5	0
1	41
8	41
5	0
1	41
8	83
5	0
1	41
8	41
5	41
1	41
8	83
5	41
11	41
3	125
11	41
11	41
64	0
832	291
64	125
32	41
48	41
96	41
768	375
1096	500
11600	166
1120	166
40	125
32	41
40	41
24	83
32	83
24	83
32	41
200	41
200	83
24	208
32	125
24	125
32	0
14	83
14	41
14	41
14	41
365	125
6	125
5	41
128	83
3	125
1	41
200	83
32	83
304	83
32	83
304	83
304	41
304	41
304	41
64	41
304	41
304	125
304	83
304	83
128	83
304	83
304	83
304	41
304	0
304	41
304	41
304	83
304	41
256	41
304	41
304	41
304	41
304	41
304	41
304	41
304	41
304	83
304	83
304	83
304	41
304	83
304	41
200	41
200	83
24	41
24	83
32	83
14	41
14	41
14	41
14	41
365	41
8	83
8	83
8	83
10	83
9	41
9	83
128	83
128	83
5	41
192	41
4	41
2	41
128	41
3	83
11	41
200	83
304	83
304	41
304	83
512	125
304	83
304	41
304	83
304	41
304	83
304	83
304	41
304	83
304	83
304	41
304	83
304	41
304	0
304	83
304	41
304	41
304	83
304	83
304	41
304	41
304	83
304	41
304	41
304	83
304	41
304	41
304	83
200	41
200	41
24	83
64	83
24	83
32	0
14	41
14	41
14	41
14	41
365	83
4	0
4	41
4	83
10	41
9	41
9	41
128	83
128	41
6	41
2	41
128	0
5	41
3	83
11	41
200	83
304	0
304	41
304	83
304	83
304	83
1024	125
304	83
304	166
304	83
304	125
304	83
304	41
304	83
304	83
304	83
304	83
304	83
304	41
304	83
304	41
304	41
304	83
304	83
304	41
304	41
304	41
304	83
304	41
304	83
304	41
304	83
88	125
32	83
88	41
88	83
352	125
80	83
32	83
80	41
80	41
80	83
80	41
64	41
80	41
80	83
80	83
80	41
128	83
80	41
80	83
80	41
80	41
80	41
80	41
80	41
80	41
256	41
80	83
80	41
80	41
80	41
80	83
80	41
80	41
80	41
80	83
80	0
80	41
80	41
80	83
80	83
80	41
80	83
512	41
80	83
80	41
80	83
80	41
80	41
80	41
80	41
80	41
80	41
80	41
80	41
80	41
80	41
80	83
80	41
80	41
80	41
80	41
80	41
80	41
80	41
80	83
80	41
80	41
80	41
80	41
80	83
80	41
80	41
80	41
80	41
80	83
1024	41
80	41
80	41
80	83
80	41
80	41
80	83
80	41
80	41
80	83
80	83
80	83
80	41
80	41
80	41
80	41
80	41
80	41
80	83
80	41
80	41
80	83
80	83
80	41
80	41
80	41
80	41
80	41
80	41
80	83
80	83
80	0
80	41
80	83
80	41
80	41
80	41
80	41
80	41
80	41
80	0
80	41
80	41
80	41
80	41
80	41
80	41
80	41
80	41
80	83
80	41
80	83
80	41
80	41
80	83
80	41
80	41
80	41
80	41
80	41
80	41
80	41
80	41
80	83
80	83
2048	125
80	41
80	41
80	41
80	41
80	41
80	83
80	41
80	41
80	41
80	41
80	41
80	83
80	41
80	83
80	41
80	41
80	41
80	41
80	41
80	41
80	83
80	41
80	83
80	41
80	83
80	41
80	41
80	41
80	83
80	41
80	41
80	41
80	41
80	41
80	41
80	41
80	41
80	41
80	41
80	41
80	41
80	41
80	83
80	83
80	41
80	41
80	83
80	41
80	41
80	41
80	41
80	83
80	41
80	41
80	41
80	41
80	41
80	41
80	41
80	41
80	41
80	41
80	41
80	0
80	41
80	83
80	41
80	83
80	41
80	41
80	83
80	41
80	41
80	83
80	41
80	83
80	83
80	41
80	41
80	41
80	41
80	41
80	41
80	41
80	41
80	41
80	83
80	41
80	41
80	83
80	41
80	41
80	41
80	83
80	41
80	41
80	83
80	41
80	41
80	41
80	41
80	41
80	83
80	83
80	83
80	41
80	41
80	41
80	41
80	41
80	41
80	41
80	41
80	0
80	41
80	41
80	83
80	83
80	41
80	41
80	0
80	41
80	41
80	41
80	41
80	41
80	41
80	41
4096	83
80	41
80	41
80	83
80	41
80	41
80	0
80	41
80	41
80	41
80	41
80	41
80	41
80	0
80	41
80	41
80	41
80	41
80	41
80	41
80	83
80	41
80	0
80	41
80	41
80	41
80	41
80	41
80	41
80	41
80	41
80	83
80	41
80	41
80	41
80	41
80	41
80	41
80	41
80	41
80	41
80	41
80	41
80	41
80	41
80	41
80	41
80	41
80	41
80	83
80	41
80	41
80	0
80	41
80	41
80	41
80	41
80	41
80	41
80	41
80	41
80	0
80	41
80	41
80	41
80	83
80	0
80	41
80	41
80	83
80	41
80	41
80	41
80	41
80	41
80	41
80	83
80	83
80	41
80	41
80	41
80	83
80	41
80	41
80	41
80	83
80	41
80	41
80	41
80	83
80	41
80	41
80	41
80	41
80	83
80	41
80	41
80	0
80	41
80	41
80	41
80	41
80	41
80	41
80	41
80	41
80	0
80	41
80	41
80	41
80	41
80	0
80	41
80	41
80	0
80	41
80	0
80	41
80	41
80	41
80	83
80	0
80	83
80	41
80	41
80	41
80	41
80	83
80	41
80	41
80	41
80	41
80	41
80	83
80	41
80	41
80	41
80	41
80	41
80	41
80	41
80	41
80	41
80	41
80	41
80	41
80	41
80	41
80	41
80	41
80	41
80	41
80	41
80	41
80	41
80	41
80	83
80	41
80	41
80	41
80	83
80	41
80	41
80	41
80	41
80	41
80	41
80	41
80	41
80	41
80	83
80	41
80	0
80	41
80	41
80	41
80	83
80	41
80	41
80	41
80	41
80	41
80	41
80	41
80	41
80	41
80	41
80	41
80	83
80	41
80	41
80	41
80	41
80	41
80	41
80	41
80	41
80	83
80	41
80	41
80	41
80	41
80	83
80	41
80	41
80	41
80	0
80	41
80	41
80	83
80	41
80	41
80	41
80	41
80	41
80	41
80	41
80	41
80	41
80	41
80	41
80	41
80	41
80	0
80	41
80	41
80	41
80	41
80	41
80	41
80	83
80	41
80	41
80	41
80	41
80	41
80	41
80	41
80	41
80	41
80	41
80	41
80	41
80	83
80	83
80	83
80	41
80	41
80	83
80	41
80	0
80	41
80	41
80	41
80	41
80	41
80	41
8192	166
80	83
80	41
80	41
80	41
80	41
80	41
80	41
80	41
80	41
80	41
80	41
80	41
80	41
80	41
80	41
80	41
80	41
80	41
80	0
80	41
80	0
80	41
80	41
80	0
80	41
80	41
80	41
80	41
80	41
80	41
80	41
80	41
80	41
80	83
80	41
80	41
80	83
80	41
80	41
80	41
80	41
80	0
80	41
80	41
80	41
80	41
80	41
80	41
80	0
80	41
80	41
80	83
80	41
80	41
80	41
80	41
80	83
80	83
80	41
80	41
80	41
80	83
80	41
80	83
80	83
80	41
80	41
80	41
80	41
80	83
80	41
80	41
80	83
80	41
80	41
80	41
80	41
80	41
80	41
80	41
80	41
80	41
80	41
80	41
80	41
80	0
80	83
80	41
80	41
80	41
80	41
80	41
80	41
80	41
80	41
80	41
80	41
80	41
80	0
80	41
80	41
80	41
80	41
80	41
80	41
80	83
80	41
80	41
80	41
80	0
80	83
80	41
80	41
80	83
80	41
80	41
80	83
80	41
80	41
80	41
80	0
80	41
80	41
80	41
80	41
80	41
80	41
80	83
80	83
80	83
80	0
80	41
80	41
80	41
80	41
80	41
80	41
80	41
80	41
80	41
80	41
80	41
80	0
80	41
80	41
80	41
80	41
80	41
80	41
80	41
80	83
80	41
80	41
80	41
80	41
80	41
80	41
80	41
80	41
80	41
80	41
80	41
80	0
80	41
80	41
80	41
80	41
80	41
80	41
80	41
80	41
80	41
80	41
80	41
80	41
80	41
80	41
80	41
80	41
80	41
80	83
80	41
80	83
80	41
80	41
80	41
80	41
80	41
80	41
80	41
80	41
80	41
80	41
80	41
80	41
80	41
80	41
80	41
80	41
80	83
80	41
80	41
80	83
80	41
80	41
80	0
80	41
80	83
80	83
80	41
80	41
80	41
80	0
80	41
80	41
80	41
80	41
80	41
80	41
80	41
80	41
80	41
80	41
80	41
80	41
80	41
80	0
80	41
80	41
80	41
80	41
80	41
80	41
80	0
80	83
80	41
80	41
80	41
80	41
80	41
80	41
80	41
80	41
80	41
80	41
80	83
80	0
80	41
80	41
80	41
80	41
80	41
80	83
80	41
80	83
80	41
80	0
80	41
80	41
80	41
80	41
80	83
80	41
80	41
80	41
80	41
80	41
80	41
80	41
80	41
80	41
80	41
80	41
80	41
80	83
80	41
80	83
80	41
80	41
80	41
80	41
80	41
80	41
80	83
80	41
80	0
80	41
80	41
80	41
80	41
80	41
80	41
80	83
80	41
80	41
80	41
80	41
80	41
80	83
80	41
80	41
80	41
80	41
80	41
80	41
80	83
80	83
80	83
80	41
80	41
80	41
80	41
80	83
80	41
80	41
80	41
80	0
80	41
80	41
80	83
80	41
80	0
80	41
80	41
80	0
80	83
80	83
80	41
80	0
80	41
80	0
80	41
80	41
80	41
80	41
80	41
80	41
80	41
80	41
80	41
80	708
80	125
80	83
80	83
80	41
80	41
80	41
80	0
80	0
80	41
80	41
80	41
80	41
80	41
80	41
80	83
80	41
80	41
80	41
80	41
80	83
80	41
80	83
80	41
80	41
80	41
80	41
80	41
80	83
80	41
80	41
80	41
80	41
80	41
80	166
80	41
80	125
80	125
80	41
80	41
80	0
80	83
80	41
80	41
80	83
80	41
80	41
80	41
80	41
80	41
80	41
80	0
80	41
80	83
80	41
80	41
80	41
80	83
80	41
80	41
80	0
80	83
80	41
80	41
80	41
80	41
80	41
80	41
80	0
80	41
80	41
80	41
80	41
80	41
80	41
80	83
80	0
80	41
80	41
80	41
80	41
80	41
80	41
80	83
80	41
80	83
80	41
80	0
80	0
80	41
80	41
80	41
80	41
80	41
80	41
80	41
80	41
80	41
80	83
80	41
80	0
80	41
80	0
80	41
80	41
80	41
80	0
80	83
80	41
80	41
80	41
80	41
80	41
80	41
80	41
80	41
80	41
80	41
80	41
80	41
80	41
80	41
80	41
80	41
80	41
80	41
80	83
80	41
80	41
80	0
80	41
80	41
80	41
80	41
80	41
80	0
80	41
80	41
80	41
80	41
80	41
80	41
80	83
80	83
80	41
80	41
80	41
16	83
96	83
64	41
16	41
8	83
32	125
64	83
11	291
64	250
64	0
64	458
832	41
64	83
64	83
7976	250
32	83
32	125
320	83
32	41
640	83
32	41
48	41
96	41
1280	0
64	83
192	41
128	0
384	41
2560	83
256	41
768	41
5120	125
512	41
1536	83
10240	83
1024	41
3072	166
20480	3333
2048	83
6144	41
40960	500
4096	83
12288	41
81920	83
8192	83
24576	0
163840	41
16384	83
49152	83
327680	83
32768	83
98304	41
655360	125
65536	41
196608	125
32	83
32	83
55848	125
32	125
32	83
32	83
32	41
32	83
32	666
64	83
80	125
15952	375
80	125
80	83
8000	83
16	83
8	125
32	83
11	458
20	83
11	83
64	41
12	0
832	333
80	83
16000	41
8008	0
80	125
16016	41
8016	0
16	83
8	83
32	41
832	125
8008	166
111696	41
80	1500
16016	3333
8016	458
16	291
8	333
32	125
832	208
7992	541
16	83
8	41
32	83
832	41
7976	666
7960	500
16	83
8	83
32	83
832	166
80	41
15920	416
80	41
7976	0
16	166
8	125
32	0
832	166
7960	333
7944	1083
16	125
8	41
32	83
832	208
7936	83
16	41
8	83
32	83
832	166
80	83
15872	500
80	125
80	83
7960	291
80	291
15920	1541
7968	291
16	83
8	166
32	41
832	166
7944	666
16	291
8	166
32	41
832	208
7920	41
80	208
15840	958
80	83
80	83
7944	41
16	83
8	41
32	83
832	166
80	83
15888	375
80	83
80	83
7968	166
16	83
8	83
32	41
832	125
80	83
15936	291
7976	41
7968	2250
16	125
8	83
32	41
832	250
16	125
8	83
32	41
832	208
7944	83
80	541
15888	2833
80	125
7960	1458
16	41
8	208
32	583
832	333
7936	125
16	83
8	208
32	83
832	250
80	291
15872	625
7944	166
80	416
15888	875
80	83
80	83
7968	291
16	125
8	83
32	41
832	125
7960	208
16	83
8	83
32	41
832	83
80	166
15920	1041
7968	666
16	125
8	125
32	41
832	166
80	166
15936	0
80	83
80	83
7992	41
16	83
8	83
32	83
832	166
7976	1625
16	375
8	166
32	83
832	625
80	83
15952	333
80	0
7992	166
16	41
8	83
32	41
832	208
7976	41
7960	4958
16	83
8	83
32	41
832	166
7952	83
16	83
8	41
32	41
832	166
7928	41
7920	583
16	125
8	83
32	83
832	166
16	125
8	83
32	41
832	125
7896	125
7888	1541
16	500
8	125
32	83
832	250
7880	208
16	41
8	166
32	83
832	208
7864	166
80	291
15728	1083
80	125
7880	41
16	83
8	83
32	41
832	166
80	83
15760	83
80	41
80	41
7904	41
16	41
8	83
32	41
832	166
7880	416
80	208
15760	1000
80	125
7896	166
16	83
8	125
32	83
832	166
80	83
15792	10833
80	125
7912	291
16	41
8	83
32	41
832	125
80	125
15824	333
80	41
80	41
7936	41
80	208
15872	1500
80	83
7952	208
16	83
8	83
32	41
832	166
80	83
15904	125
7960	41
16	83
8	83
32	41
832	125
7952	125
16	625
8	83
32	41
832	166
16	83
8	41
32	41
832	166
7936	4916
80	500
15872	1458
80	83
80	83
7960	41
16	83
8	83
32	83
832	208
16	416
8	83
32	41
832	416
7952	750
7936	2333
16	83
8	83
32	41
832	166
80	125
15872	416
80	125
80	83
7960	41
16	83
8	41
32	83
832	166
80	291
15920	4333
80	83
80	83
7984	41
16	83
8	83
32	41
832	83
80	83
15968	333
80	83
8000	166
16	41
8	83
32	41
832	125
7984	83
80	125
15968	1583
80	41
80	83
8008	41
16	83
8	83
32	83
832	791
80	83
16016	458
8016	166
16	41
8	125
32	83
832	208
7992	333
7976	2291
16	250
8	125
32	41
832	208
80	83
15952	666
80	41
7992	375
16	83
8	83
32	41
832	250
7976	250
7968	1416
16	83
8	83
32	41
832	250
80	83
15936	125
7976	41
16	41
8	83
32	83
832	166
80	83
15952	1750
80	83
7992	83
80	166
15984	2125
80	83
80	83
8016	750
16	83
8	83
32	83
832	166
80	83
16032	83
80	83
8032	41
16	83
8	83
32	41
832	83
80	41
16064	375
80	83
80	41
8056	41
16	708
8	125
32	83
832	166
8040	3541
16	83
8	41
32	41
832	83
80	125
16080	375
80	125
80	83
8064	291
8040	1791
16	291
8	166
32	83
832	291
80	83
16080	333
8048	41
16	41
8	83
32	83
832	208
80	83
16096	500
8056	208
8040	1500
16	125
8	41
32	83
832	125
80	83
16080	208
80	41
80	41
8064	0
16	83
8	125
32	41
832	166
8048	875
16	125
8	83
32	41
832	208
80	125
16096	250
8056	41
16	41
8	83
32	41
832	41
80	83
16112	375
8064	166
80	500
16128	1333
80	83
8080	41
16	83
8	83
32	41
832	208
80	83
16160	458
80	83
8096	416
16	83
8	83
32	41
832	125
8080	125
80	458
16160	1541
8088	41
16	125
8	83
32	83
832	333
80	125
16176	458
80	83
8104	166
16	83
8	125
32	83
832	125
80	83
16208	125
8112	41
8096	3250
16	333
8	166
32	41
832	166
8072	125
16	83
8	83
32	83
832	166
80	41
16144	250
80	83
80	83
8096	41
8088	625
16	83
8	83
32	83
832	166
16	125
8	83
32	41
832	166
8064	333
80	416
16128	1083
80	83
80	83
8088	333
16	83
8	83
32	41
832	166
8080	83
16	83
8	41
32	41
832	125
8056	333
8048	1500
16	125
8	250
32	83
832	208
8024	125
16	83
8	83
32	0
832	166
8008	1916
16	125
8	83
32	41
832	166
80	125
16016	291
80	83
8024	41
16	41
8	0
32	41
832	83
8000	250
7976	2750
16	83
8	83
32	41
832	208
7968	416
16	83
8	83
32	41
832	166
7952	83
7936	2333
16	83
8	83
32	83
832	125
7912	458
16	83
8	83
32	41
832	208
7896	1791
16	125
8	83
32	0
832	166
7872	83
16	83
8	41
32	41
832	166
7848	458
16	958
8	83
32	41
832	208
7824	666
16	83
8	83
32	41
832	125
7800	333
16	708
8	83
32	41
832	166
80	83
15600	541
7808	208
16	83
8	83
32	83
832	166
80	83
15616	83
80	83
7824	41
7816	1750
16	125
8	41
32	41
832	166
80	125
15632	208
80	83
80	83
7840	41
16	41
8	83
32	41
832	125
80	83
15680	83
7848	0
80	166
15696	750
7856	125
16	83
8	83
32	41
832	166
7848	333
16	83
8	83
32	41
832	208
7840	83
16	458
8	83
32	41
832	166
80	83
15680	583
7848	208
16	83
8	83
32	83
832	125
16	791
8	83
32	41
832	166
80	83
15696	541
80	83
80	83
7872	375
16	83
8	83
32	41
832	125
80	83
15744	83
80	83
80	41
7896	41
80	125
15792	958
7904	750
16	125
8	83
32	41
832	125
16	83
8	83
32	41
832	125
80	83
15808	333
80	41
80	41
7928	41
7904	6416
16	125
8	125
32	41
832	208
80	83
15808	375
80	41
7920	166
16	41
8	0
32	83
832	166
80	83
15840	0
80	83
80	41
7944	41
80	166
15888	1208
80	125
7960	41
16	83
8	125
32	41
832	166
80	125
15920	500
80	125
7976	250
16	83
8	83
32	41
832	41
80	83
15952	625
80	125
80	83
8000	416
7992	1458
16	125
8	83
32	41
832	125
7976	333
16	83
8	83
32	41
832	41
7952	125
16	791
8	83
32	41
832	125
7928	541
16	83
8	83
32	41
832	125
80	41
15856	250
7936	41
7912	1708
16	125
8	83
32	41
832	208
7888	83
16	83
8	41
32	41
832	166
80	83
15776	250
80	83
7904	41
80	541
15808	1375
7912	333
16	83
8	125
32	0
832	166
80	166
15824	541
7920	291
16	83
8	125
32	41
832	291
7904	625
80	166
15808	1416
7912	583
16	83
8	83
32	83
832	166
16	83
8	83
32	41
832	125
80	41
15824	125
80	41
7928	41
80	166
15856	1916
7936	166
16	83
8	83
32	0
832	166
7912	83
16	83
8	83
32	41
832	125
7896	416
80	208
15792	1291
7904	333
16	83
8	83
32	83
832	125
16	125
8	83
32	83
832	125
80	250
15808	708
7912	333
16	125
8	250
32	83
832	166
16	83
8	83
32	41
832	41
80	208
15824	166
80	125
80	83
7936	0
80	250
15872	5541
80	83
80	41
7960	41
16	83
8	83
32	41
832	250
7944	250
16	41
8	41
32	83
832	41
80	125
15888	583
80	83
80	125
7968	250
80	125
15936	1875
7976	375
16	125
8	125
32	41
832	125
80	83
15952	83
80	125
7992	41
16	83
8	83
32	41
832	41
80	83
15984	583
8000	166
16	1250
8	83
32	41
832	125
7984	500
16	83
8	41
32	41
832	41
80	83
15968	250
80	83
80	83
8008	41
80	208
16016	1291
8016	875
16	83
8	41
32	41
832	166
80	125
16032	708
80	83
8032	1625
16	83
8	83
32	83
832	125
80	125
16064	291
80	0
8048	208
80	166
16096	1125
80	0
80	41
8072	416
16	83
8	125
32	41
832	166
8056	250
16	41
8	41
32	41
832	166
8040	416
8032	4500
16	125
8	208
32	41
832	166
80	83
16064	375
80	41
80	41
8056	166
16	83
8	83
32	41
832	125
80	83
16112	416
8064	125
80	208
16128	1666
80	125
8080	375
16	41
8	0
32	41
832	458
80	41
16160	83
80	83
8096	41
16	41
8	41
32	41
832	208
8088	208
8080	1666
16	125
8	83
32	41
832	166
8064	250
16	83
8	83
32	83
832	83
80	125
16128	208
80	83
8080	41
80	166
16160	1875
80	125
80	41
8104	0
16	83
8	41
32	41
832	166
8096	250
16	83
8	83
32	41
832	208
8072	208
80	333
16144	1333
80	83
8088	458
16	41
8	83
32	41
832	250
80	83
16176	500
80	83
80	41
8112	208
16	83
8	41
32	41
832	416
8088	541
8080	1000
16	83
8	83
32	83
832	1666
80	83
16160	375
80	83
80	83
8104	83
16	83
8	41
32	0
832	166
80	125
16208	458
8112	125
8088	2041
16	125
8	83
32	41
832	125
8072	250
16	41
8	41
32	41
832	83
8064	83
80	208
16128	1416
80	125
80	41
8088	208
16	333
8	0
32	41
832	166
8064	625
16	41
8	83
32	0
832	250
80	83
16128	500
8072	166
80	208
16144	1708
80	83
80	83
8096	1000
16	83
8	83
32	41
832	208
8072	208
16	83
8	41
32	41
832	166
8056	83
8040	583
16	83
8	83
32	83
832	166
8024	83
16	41
8	83
32	41
832	41
80	83
16048	375
80	83
80	83
8048	166
80	166
16096	1000
80	125
8064	500
16	83
8	83
32	83
832	291
8056	250
16	41
8	83
32	41
832	83
80	208
16112	958
8064	250
16	166
8	41
32	0
832	83
8040	458
16	83
8	83
32	41
832	208
80	83
16080	291
80	83
80	83
8064	41
8040	1666
16	83
8	83
32	83
832	166
80	83
16080	208
8048	41
16	41
8	83
32	41
832	83
8024	166
80	166
16048	916
8032	166
16	41
8	83
32	41
832	208
8024	333
16	83
8	125
32	41
832	125
8008	83
80	208
16016	916
8016	41
16	125
8	125
32	41
832	166
8000	291
16	41
8	41
32	41
832	83
80	83
16000	125
8008	41
80	208
16016	458
80	125
8024	41
16	83
8	83
32	83
832	166
80	83
16048	583
80	83
8040	250
16	83
8	41
32	41
832	166
80	125
16080	125
80	83
80	83
8064	41
80	833
16128	1250
80	83
80	83
8088	250
16	125
8	125
32	41
832	166
16	83
8	83
32	41
832	125
80	166
16176	708
8096	41
80	166
16192	708
80	41
80	41
8120	83
16	41
8	41
32	41
832	250
80	83
16240	166
80	83
80	41
8144	0
16	83
8	83
32	41
832	83
8120	500
80	291
16240	1000
80	83
8136	166
16	41
8	83
32	0
832	166
16	125
8	125
32	41
832	125
8120	666
8112	1541
16	125
8	83
32	41
832	166
8104	166
16	41
8	83
32	83
832	125
8088	0
8072	1458
16	83
8	83
32	83
832	208
8056	291
16	41
8	83
32	41
832	166
80	83
16112	291
80	83
80	83
8080	83
8072	666
16	125
8	166
32	0
832	166
8064	458
16	41
8	83
32	41
832	166
8040	1708
16	83
8	41
32	83
832	166
8016	83
16	83
8	41
32	83
832	125
7992	333
7976	1458
16	83
8	83
32	41
832	125
7952	125
16	83
8	83
32	41
832	41
7928	416
7920	1625
16	83
8	83
32	83
832	166
80	125
15840	375
80	125
7936	41
16	83
8	83
32	83
832	208
7920	250
80	166
15840	750
80	83
80	41
7944	250
16	83
8	125
32	41
832	125
7920	416
16	83
8	83
32	83
832	125
7896	83
16	1125
8	83
32	41
832	208
7872	3333
16	83
8	83
32	83
832	166
7848	291
7824	1916
16	125
8	83
32	41
832	166
7800	83
16	83
8	83
32	41
832	166
80	83
15600	458
7808	83
16	833
8	83
32	83
832	125
7784	3541
16	41
8	83
32	83
832	166
80	83
15568	333
7792	125
7768	2458
16	125
8	125
32	0
832	166
80	41
15536	208
80	83
80	83
7792	41
16	166
8	166
32	41
832	125
80	208
15584	541
80	83
80	125
7816	375
16	625
8	83
32	41
832	166
80	125
15632	500
80	83
80	41
7840	41
16	41
8	83
32	41
832	166
7824	291
16	1125
8	83
32	83
832	333
7800	458
16	41
8	83
32	41
832	125
7792	375
80	125
15584	958
7800	208
16	83
8	83
32	83
832	166
7776	208
16	41
8	125
32	41
832	83
80	125
15552	458
7784	41
7768	1666
16	125
8	125
32	83
832	166
7744	250
16	125
8	41
32	41
832	125
7720	83
16	1083
8	41
32	83
832	166
7696	3416
16	83
8	125
32	41
832	166
7680	416
16	958
8	83
32	41
832	166
80	83
15360	625
80	125
7696	250
16	41
8	83
32	41
832	125
7672	500
80	333
15344	2416
80	83
7688	375
16	83
8	83
32	83
832	250
80	208
15376	666
80	208
80	83
7712	208
16	41
8	166
32	0
832	125
80	166
15424	1083
80	0
7728	458
16	83
8	83
32	83
832	166
7704	250
16	83
8	83
32	83
832	208
16	1000
8	83
32	41
832	125
80	125
15408	541
80	41
80	41
7728	166
16	41
8	125
32	41
832	250
80	83
15456	291
80	125
7744	83
16	1000
8	83
32	83
832	125
80	83
15488	375
80	83
80	83
7768	41
16	83
8	83
32	41
832	125
7744	166
7736	2083
16	41
8	83
32	83
832	83
80	250
15472	375
80	83
80	41
7760	0
16	83
8	83
32	83
832	166
7752	208
16	1291
8	83
32	0
832	166
7736	3583
16	41
8	83
32	83
832	166
7712	83
7688	1375
16	125
8	125
32	41
832	208
80	83
15376	208
7696	41
16	83
8	125
32	83
832	83
80	83
15392	83
7704	41
16	583
8	41
32	41
832	166
7696	500
16	41
8	83
32	83
832	125
7688	125
7664	1500
16	125
8	41
32	41
832	166
80	83
15328	416
7672	250
16	83
8	83
32	83
832	166
7648	166
16	833
8	83
32	41
832	208
80	83
15296	625
80	83
7664	208
16	83
8	83
32	41
832	125
80	125
15328	83
80	41
80	83
7688	250
7672	1541
16	125
8	83
32	41
832	166
7664	250
16	83
8	125
32	41
832	125
80	416
15328	1208
7672	0
16	83
8	83
32	41
832	125
80	41
15344	83
80	83
80	41
7696	125
16	41
8	41
32	83
832	166
7680	125
7664	583
16	125
8	125
32	83
832	125
80	83
15328	291
80	83
7680	41
16	83
8	125
32	83
832	166
80	125
15360	625
80	83
7696	166
80	416
15392	1250
7704	416
16	83
8	125
32	83
832	166
80	83
15408	125
80	41
80	83
7728	41
16	83
8	83
32	41
832	125
7720	541
80	208
15440	833
80	83
80	83
7744	916
16	83
8	41
32	83
832	83
16	83
8	83
32	41
832	125
7736	2916
16	125
8	83
32	83
832	250
7712	125
16	83
8	208
32	83
832	125
80	41
15424	625
80	0
80	41
7736	166
80	166
15472	2375
80	83
80	83
7760	1041
16	83
8	83
32	41
832	83
7736	250
16	41
8	41
32	83
832	125
7728	125
80	166
15456	1291
80	83
80	125
7752	41
16	125
8	125
32	83
832	166
80	125
15504	458
7760	250
16	83
8	83
32	41
832	250
80	125
15520	541
80	83
7776	208
80	166
15552	1083
80	83
7792	291
16	83
8	83
32	41
832	208
7768	83
16	41
8	83
32	41
832	83
80	41
15536	416
7776	41
80	250
15552	1541
80	41
7792	458
16	125
8	83
32	41
832	125
80	83
15584	83
7800	41
16	83
8	83
32	41
832	125
7784	125
80	166
15568	1041
7792	875
16	208
8	83
32	41
832	250
7768	83
16	83
8	83
32	41
832	1875
7760	541
80	208
15520	625
80	125
80	41
7784	166
16	83
8	83
32	250
832	166
7768	291
16	83
8	83
32	41
832	166
80	83
15536	291
80	83
7784	41
16	1083
8	83
32	41
832	208
7768	3458
16	41
8	83
32	41
832	166
80	83
15536	250
80	83
7784	41
80	125
15568	1291
80	125
7800	41
16	125
8	41
32	83
832	125
16	83
8	83
32	41
832	166
7792	541
16	1541
8	125
32	41
832	166
7784	458
16	83
8	83
32	41
832	125
80	125
15568	1541
80	125
7800	375
16	166
8	41
32	41
832	375
80	83
15600	291
80	250
7816	125
16	41
8	83
32	83
832	166
7800	41
7792	1291
16	83
8	83
32	41
832	166
7776	83
16	83
8	41
32	41
832	83
80	125
15552	333
80	125
80	41
7800	41
7792	1500
16	83
8	83
32	83
832	166
80	83
15584	208
80	125
7808	41
16	83
8	83
32	41
832	125
80	83
15616	83
80	83
80	83
7832	0
7808	4750
16	125
8	83
32	83
832	83
7784	83
16	41
8	83
32	41
832	166
80	125
15568	291
80	83
80	83
7808	83
7792	4416
16	125
8	41
32	41
832	208
80	83
15584	208
80	125
80	83
7816	83
16	83
8	83
32	83
832	125
7792	625
80	208
15584	4500
80	83
80	125
7816	83
16	83
8	125
32	83
832	208
16	83
8	83
32	41
832	125
7800	583
7776	1333
16	125
8	83
32	41
832	166
7752	0
16	83
8	83
32	83
832	125
80	250
15504	1333
80	83
80	41
7776	541
16	83
8	83
32	83
832	166
80	83
15552	500
80	83
80	125
7800	250
16	41
8	83
32	41
832	125
80	41
15600	125
80	83
80	83
7824	41
7816	2041
16	83
8	83
32	41
832	166
80	208
15632	333
80	83
7832	83
16	41
8	83
32	83
832	166
80	166
15664	6958
80	83
80	41
7856	250
16	83
8	83
32	41
832	166
7832	291
16	41
8	83
32	41
832	83
7816	1666
16	125
8	83
32	41
832	208
7792	250
16	41
8	83
32	41
832	166
7784	83
80	83
15568	500
7792	41
16	41
8	41
32	41
832	166
80	83
15584	83
7800	41
16	41
8	83
32	41
832	41
7784	250
7760	4125
16	83
8	83
32	83
832	166
80	83
15520	250
80	83
80	41
7784	83
16	83
8	83
32	41
832	166
7768	291
80	333
15536	1458
7776	0
16	125
8	166
32	41
832	250
7768	541
16	83
8	125
32	83
832	41
80	166
15536	791
80	208
80	41
7792	375
80	83
15584	750
80	83
80	41
7816	250
16	83
8	41
32	41
832	125
80	83
15632	208
7824	41
16	83
8	83
32	41
832	125
7808	250
7792	1166
16	125
8	83
32	41
832	333
80	83
15584	125
80	83
80	41
7816	41
16	41
8	83
32	41
832	83
7808	166
80	166
15616	1333
80	83
7824	166
16	83
8	83
32	41
832	125
7800	83
16	83
8	83
32	41
832	125
7776	333
7768	1958
16	125
8	83
32	41
832	166
7760	333
16	83
8	83
32	83
832	125
7736	83
7720	4083
16	125
8	83
32	83
832	166
16	83
8	83
32	41
832	125
7712	125
16	666
8	83
32	41
832	166
7688	3500
16	83
8	83
32	83
832	125
7672	583
7656	1666
16	83
8	41
32	41
832	166
7632	416
16	41
8	83
32	41
832	125
7608	83
80	166
15216	1625
7616	41
16	83
8	83
32	41
832	166
80	83
15232	83
80	125
80	41
7640	41
16	41
8	83
32	41
832	125
80	83
15280	41
80	41
7656	41
80	375
15312	3833
80	83
7672	83
16	125
8	125
32	83
832	166
7656	625
16	83
8	83
32	41
832	41
80	41
15312	166
7664	41
7656	1166
16	125
8	125
32	83
832	166
80	166
15312	458
80	83
80	83
7680	83
16	83
8	83
32	41
832	166
80	41
15360	291
80	125
7696	166
16	1500
8	83
32	41
832	166
7680	625
16	83
8	41
32	0
832	125
80	333
15360	1666
7688	208
16	0
8	83
32	41
832	250
7680	583
16	83
8	125
32	41
832	166
80	41
15360	41
80	83
7696	0
80	208
15392	666
80	83
80	83
7720	41
16	83
8	291
32	83
832	125
7696	458
16	83
8	83
32	41
832	125
7680	416
80	541
15360	1458
80	83
80	83
7704	791
16	83
8	83
32	41
832	166
7688	291
16	41
8	41
32	41
832	125
80	83
15376	125
80	83
7704	41
80	375
15408	1250
80	250
80	83
7728	83
16	125
8	41
32	83
832	166
80	83
15456	41
80	83
7744	41
16	83
8	41
32	41
832	166
80	83
15488	541
7752	166
7744	1125
16	83
8	41
32	83
832	208
7728	541
16	83
8	125
32	41
832	166
80	83
15456	375
7736	83
80	166
15472	1500
7744	958
16	125
8	83
32	83
832	166
7720	541
16	41
8	83
32	41
832	125
7712	83
80	41
15424	458
80	125
7728	166
16	83
8	83
32	83
832	166
7704	41
16	83
8	83
32	41
832	166
7688	250
80	208
15376	1125
7696	166
16	125
8	83
32	83
832	166
80	83
15392	125
80	83
80	41
7720	0
16	83
8	83
32	41
832	250
7704	916
80	208
15408	1750
7712	833
16	83
8	83
32	41
832	166
16	125
8	83
32	83
832	166
80	83
15424	416
7720	166
80	166
15440	2166
80	83
80	41
7744	83
16	83
8	41
32	41
832	166
16	83
8	83
32	41
832	166
16	1041
8	125
32	41
832	166
16	83
8	83
32	41
832	166
80	83
15488	500
80	41
7760	333
7744	2208
16	83
8	83
32	41
832	166
16	83
8	83
32	41
832	125
80	41
15488	250
7752	0
80	458
15504	1625
80	125
80	83
7776	41
16	83
8	83
32	83
832	166
16	83
8	83
32	83
832	166
80	83
15552	583
7784	166
80	291
15568	666
7792	41
16	83
8	41
32	83
832	166
80	83
15584	416
80	125
80	83
7816	375
16	83
8	41
32	83
832	125
7800	83
80	208
15600	1125
7808	541
16	125
8	83
32	83
832	125
16	83
8	125
32	83
832	166
7800	375
80	166
15600	2250
80	41
80	0
7824	83
16	83
8	41
32	83
832	208
16	83
8	41
32	41
832	166
80	83
15648	458
80	83
80	41
7848	250
80	208
15696	1333
80	41
7864	208
16	83
8	208
32	125
832	166
16	83
8	208
32	83
832	166
80	541
15728	625
7872	208
16	83
8	83
32	41
832	166
16	83
8	83
32	83
832	125
7856	1083
16	0
8	83
32	41
832	208
16	41
8	41
32	41
832	125
7848	416
7840	1791
16	41
8	41
32	83
832	166
80	83
15680	583
80	83
80	83
7864	250
16	41
8	83
32	41
832	166
7840	0
7816	1625
16	125
8	41
32	41
832	250
7800	458
16	83
8	83
32	41
832	166
7792	291
16	708
8	83
32	41
832	250
80	83
15584	625
80	83
7808	41
16	0
8	83
32	41
832	166
7800	291
80	208
15600	1791
80	83
80	83
7824	41
16	83
8	83
32	83
832	166
7816	250
16	83
8	41
32	41
832	166
7808	83
80	250
15616	1041
80	83
7824	625
16	83
8	83
32	83
832	166
16	83
8	83
32	41
832	125
80	83
15648	250
7832	41
80	208
15664	1416
7840	833
16	83
8	83
32	83
832	166
7832	458
16	250
8	125
32	83
832	125
80	166
15664	1041
80	83
80	125
7856	166
16	125
8	125
32	291
832	125
16	83
8	83
32	41
832	125
80	83
15712	250
80	83
80	41
7880	41
16	833
8	83
32	83
832	166
7856	666
16	41
8	83
32	0
832	125
80	166
15712	1000
80	83
80	41
7880	416
16	83
8	83
32	41
832	250
16	83
8	41
32	41
832	83
7864	1000
16	83
8	83
32	41
832	166
80	83
15728	416
80	125
7880	250
16	83
8	83
32	83
832	83
80	125
15760	83
7888	41
7864	1250
16	83
8	83
32	41
832	166
7848	125
16	83
8	83
32	41
832	125
80	125
15696	250
80	83
7864	83
16	1291
8	83
32	41
832	166
80	83
15728	541
7872	166
16	41
8	83
32	41
832	125
80	125
15744	291
80	83
7888	41
16	791
8	41
32	83
832	625
7872	666
16	41
8	41
32	41
832	333
80	208
15744	666
80	83
7888	166
16	125
8	125
32	291
832	125
7864	458
16	83
8	83
32	41
832	291
80	83
15728	166
7872	41
7864	1250
16	125
8	83
32	41
832	125
80	83
15728	291
7872	41
16	83
8	83
32	41
832	125
7848	125
7832	1291
16	125
8	83
32	41
832	166
7816	125
16	83
8	83
32	0
832	208
7800	333
7792	4250
16	83
8	83
32	41
832	166
80	83
15584	333
80	125
7808	41
16	83
8	41
32	83
832	125
80	83
15616	708
7816	291
7808	1250
16	125
8	83
32	83
832	208
7792	500
16	83
8	41
32	41
832	125
80	41
15584	208
80	41
7808	41
7792	1125
16	83
8	83
32	41
832	83
80	125
15584	208
80	83
7808	41
16	83
8	125
32	41
832	166
80	83
15616	291
7816	41
80	333
15632	1416
80	83
7832	166
16	125
8	83
32	83
832	208
80	83
15664	375
7840	41
16	83
8	83
32	41
832	166
80	83
15680	41
80	83
80	41
7864	41
16	541
8	41
32	41
832	166
7840	541
16	41
8	83
32	41
832	166
80	125
15680	291
7848	41
7832	4333
16	125
8	83
32	83
832	166
80	125
15664	458
80	125
80	83
7856	166
16	41
8	83
32	41
832	83
7848	83
80	208
15696	1125
7856	41
16	125
8	83
32	41
832	166
7832	291
16	41
8	83
32	41
832	125
7824	291
7800	1583
16	125
8	166
32	83
832	83
16	125
8	41
32	83
832	208
7792	333
80	125
15584	1125
80	83
7808	250
16	83
8	41
32	41
832	166
7792	250
16	41
8	41
32	41
832	41
80	83
15584	125
80	125
80	41
7816	41
80	208
15632	1250
7824	875
16	83
8	41
32	41
832	208
80	83
15648	333
7832	41
16	83
8	83
32	83
832	166
80	125
15664	458
80	83
80	83
7856	166
80	208
15712	583
7864	41
16	83
8	83
32	41
832	666
80	83
15728	708
7872	166
16	83
8	41
32	0
832	208
80	41
15744	125
7880	41
7872	1000
16	41
8	41
32	83
832	250
16	83
8	83
32	41
832	125
7848	250
16	958
8	83
32	41
832	166
7840	541
16	41
8	125
32	41
832	125
80	83
15680	291
7848	83
7832	1416
16	83
8	83
32	83
832	166
80	83
15664	250
7840	41
16	41
8	83
32	41
832	166
80	166
15680	4291
7848	625
16	83
8	83
32	41
832	166
80	83
15696	416
80	83
7864	83
16	41
8	83
32	83
832	125
7848	83
80	166
15696	1583
80	41
7864	250
16	41
8	83
32	41
832	166
80	208
15728	666
80	0
80	83
7888	166
16	83
8	250
32	83
832	166
7864	41
7848	1583
16	83
8	83
32	83
832	208
7832	83
16	41
8	166
32	41
832	250
7816	333
7808	1958
16	83
8	83
32	41
832	166
80	83
15616	375
80	83
7824	41
16	83
8	83
32	41
832	166
7808	458
7800	1875
16	333
8	250
32	41
832	166
16	125
8	83
32	41
832	208
80	125
15600	375
80	83
80	125
7824	41
7800	1666
16	125
8	83
32	41
832	208
80	125
15600	416
80	83
7816	208
16	83
8	83
32	41
832	125
80	83
15632	250
80	83
80	125
7840	41
7824	1416
16	125
8	41
32	41
832	125
80	0
15648	416
7832	166
16	83
8	83
32	83
832	166
80	83
15664	83
80	83
80	83
7856	41
7848	1416
16	125
8	83
32	83
832	125
16	208
8	125
32	41
832	125
7824	375
7808	4833
16	125
8	41
32	83
832	125
7784	83
16	83
8	41
32	41
832	166
7768	83
80	750
15536	666
80	83
80	125
7792	125
16	125
8	83
32	41
832	83
80	125
15584	708
80	83
7808	208
16	41
8	83
32	41
832	125
7800	208
80	166
15600	2458
80	125
7816	541
16	83
8	41
32	83
832	125
80	41
15632	41
7824	41
16	41
8	83
32	83
832	166
7800	333
7792	583
16	125
8	83
32	41
832	125
80	83
15584	458
80	83
7808	250
16	41
8	83
32	41
832	166
7792	291
7784	1541
16	83
8	83
32	83
832	166
80	83
15568	541
80	83
80	83
7808	83
16	83
8	83
32	41
832	125
80	83
15616	41
7816	41
16	1083
8	83
32	41
832	166
7792	3625
16	41
8	83
32	41
832	166
7784	583
16	1250
8	83
32	41
832	250
80	125
15568	500
80	83
80	41
7808	166
16	83
8	83
32	41
832	125
80	166
15616	625
80	125
80	83
7832	375
16	541
8	83
32	41
832	166
16	83
8	83
32	83
832	166
80	83
15664	3541
80	83
7848	250
7824	916
16	83
8	166
32	83
832	125
16	125
8	166
32	41
832	166
16	1083
8	41
32	83
832	208
16	83
8	83
32	41
832	166
7808	416
80	250
15616	1250
7816	375
16	83
8	83
32	83
832	83
7808	125
16	41
8	41
32	41
832	166
7792	541
7776	1416
16	83
8	83
32	41
832	208
80	83
15552	333
80	83
80	83
7800	166
16	83
8	83
32	41
832	125
7784	333
7768	1500
16	125
8	83
32	83
832	166
7744	291
16	83
8	41
32	41
832	250
7720	125
7712	1958
16	83
8	83
32	41
832	375
16	83
8	83
32	41
832	83
7696	125
7680	1250
16	83
8	83
32	41
832	166
80	83
15360	291
80	83
7696	208
16	41
8	83
32	83
832	208
7672	166
16	916
8	166
32	125
832	166
80	125
15344	541
80	83
80	41
7696	166
16	83
8	41
32	0
832	125
80	41
15392	583
7704	166
7696	1250
16	125
8	83
32	41
832	125
80	83
15392	625
7704	166
16	83
8	83
32	83
832	166
80	83
15408	333
80	125
80	83
7728	41
80	208
15456	1333
80	41
7744	0
16	125
8	83
32	41
832	208
80	41
15488	0
80	83
7760	41
16	83
8	83
32	41
832	250
7752	583
80	166
15504	916
80	83
7768	416
16	83
8	83
32	41
832	166
7744	416
16	41
8	83
32	41
832	166
7736	250
80	208
15472	916
80	83
80	41
7760	166
16	291
8	83
32	125
832	166
7744	83
16	83
8	83
32	41
832	125
80	83
15488	333
80	83
80	41
7768	41
7760	1541
16	41
8	83
32	83
832	166
7736	83
16	83
8	41
32	41
832	166
7712	41
7696	1375
16	125
8	83
32	83
832	166
7688	83
16	41
8	41
32	41
832	125
80	125
15376	250
80	125
7704	41
7680	4666
16	125
8	83
32	83
832	166
80	83
15360	583
7688	166
16	125
8	83
32	41
832	166
80	291
15376	541
80	208
80	125
7712	458
16	1250
8	83
32	41
832	166
80	83
15424	3583
7720	125
16	83
8	83
32	83
832	166
80	83
15440	375
80	83
80	83
7744	41
80	291
15488	1333
7752	666
16	125
8	41
32	41
832	166
80	125
15504	0
80	41
80	83
7776	41
16	41
8	83
32	41
832	208
7752	583
7744	1333
16	125
8	41
32	83
832	208
80	125
15488	250
7752	41
16	83
8	41
32	83
832	125
16	1125
8	83
32	83
832	166
80	125
15504	500
80	0
80	125
7776	41
16	83
8	83
32	41
832	125
7752	250
7744	1500
16	83
8	0
32	83
832	166
7720	83
16	41
8	41
32	41
832	125
80	125
15440	291
80	83
7736	41
80	208
15472	1041
80	83
80	83
7760	166
16	208
8	83
32	41
832	125
80	125
15520	500
7768	166
16	83
8	41
32	41
832	125
16	458
8	83
32	41
832	375
7752	3500
16	83
8	83
32	83
832	41
7736	125
16	833
8	125
32	41
832	166
80	83
15472	500
7744	166
16	83
8	83
32	83
832	208
7720	541
7696	1500
16	83
8	83
32	0
832	166
80	41
15392	458
80	41
80	83
7720	0
16	0
8	83
32	41
832	166
7696	583
80	166
15392	1125
7704	125
16	0
8	83
32	41
832	166
7688	500
16	41
8	83
32	41
832	166
7672	333
80	416
15344	1166
80	125
7688	166
16	125
8	41
32	333
832	166
80	125
15376	500
80	83
7704	250
16	41
8	83
32	41
832	166
80	83
15408	83
80	83
7720	0
80	166
15440	1000
80	41
7736	666
16	166
8	83
32	41
832	166
16	83
8	83
32	41
832	166
80	250
15472	791
80	83
80	83
7760	83
16	125
8	83
32	166
832	208
7736	375
16	83
8	83
32	41
832	166
7720	458
80	166
15440	1166
7728	625
16	125
8	125
32	41
832	166
7712	166
16	41
8	83
32	41
832	166
80	83
15424	250
7720	41
7704	1125
16	41
8	83
32	0
832	333
7688	458
16	83
8	41
32	83
832	125
7680	291
16	833
8	83
32	83
832	125
16	83
8	83
32	41
832	125
80	83
15360	500
80	83
80	83
7704	291
80	166
15408	1541
80	83
80	83
7728	41
16	83
8	83
32	83
832	125
7712	250
16	83
8	125
32	83
832	125
80	41
15424	375
80	125
7728	208
80	166
15456	1083
80	83
7744	41
16	125
8	83
32	41
832	83
7720	541
16	83
8	41
32	41
832	166
7712	1416
16	41
8	125
32	41
832	166
7688	708
16	41
8	41
32	41
832	125
7680	458
80	166
15360	2291
80	125
80	83
7704	166
16	125
8	83
32	83
832	208
80	125
15408	416
80	83
7720	250
16	83
8	83
32	83
832	166
7712	208
7704	1250
16	125
8	41
32	41
832	125
7680	666
16	208
8	166
32	41
832	208
80	125
15360	416
7688	0
7672	1041
16	83
8	125
32	41
832	208
7664	291
16	83
8	41
32	41
832	166
7640	1250
16	83
8	41
32	83
832	208
7616	83
16	83
8	83
32	83
832	125
80	83
15232	250
7624	0
80	166
15248	1541
7632	208
16	83
8	83
32	41
832	166
80	83
15264	291
80	83
80	41
7656	41
16	83
8	41
32	41
832	125
80	125
15312	541
80	83
7672	208
80	166
15344	1166
80	125
7688	250
16	83
8	83
32	41
832	166
16	125
8	83
32	41
832	125
7672	458
80	166
15344	1666
80	83
80	83
7696	500
16	125
8	41
32	41
832	166
80	208
15392	583
80	250
80	41
7720	208
16	83
8	83
32	41
832	541
7712	375
80	208
15424	916
80	41
80	41
7736	333
16	83
8	83
32	41
832	166
7712	250
16	41
8	83
32	41
832	166
7704	83
7696	1125
16	125
8	83
32	41
832	166
16	125
8	83
32	41
832	166
80	83
15392	500
80	83
7712	83
80	208
15424	1208
80	83
7728	83
16	125
8	83
32	41
832	166
80	83
15456	83
7736	41
16	41
8	83
32	41
832	166
80	83
15472	41
80	41
7752	41
80	291
15504	500
7760	41
16	125
8	41
32	41
832	166
80	83
15520	83
7768	0
16	41
8	83
32	83
832	166
80	83
15536	583
80	83
7784	250
7760	958
16	125
8	83
32	83
832	166
7744	541
16	83
8	83
32	83
832	166
80	41
15488	416
7752	41
7728	4041
16	83
8	83
32	41
832	166
7704	250
16	83
8	83
32	41
832	166
80	83
15408	208
7712	41
7704	4791
16	83
8	83
32	83
832	208
80	83
15408	250
7712	41
16	41
8	41
32	83
832	166
7696	125
80	291
15392	1208
7704	125
16	83
8	83
32	41
832	83
80	208
15408	666
80	208
7720	208
16	166
8	166
32	83
832	250
80	41
15440	83
80	125
80	41
7744	83
7728	3583
16	125
8	83
32	83
832	208
80	125
15456	375
80	83
7744	375
16	83
8	83
32	83
832	125
80	83
15488	291
80	83
80	83
7768	41
7744	2250
16	41
8	41
32	41
832	166
80	125
15488	416
7752	41
16	83
8	83
32	83
832	83
80	208
15504	1208
7760	375
16	83
8	83
32	41
832	166
80	83
15520	41
7768	41
16	41
8	41
32	41
832	125
7744	208
7736	4291
16	125
8	83
32	83
832	83
80	83
15472	458
80	83
80	83
7760	166
16	83
8	83
32	83
832	83
80	291
15520	791
80	41
80	83
7784	83
16	83
8	41
32	83
832	166
16	0
8	83
32	41
832	125
7760	250
7736	1041
16	83
8	83
32	83
832	208
80	83
15472	250
80	83
7752	41
16	83
8	83
32	83
832	166
7728	1166
16	125
8	83
32	41
832	125
7704	625
16	125
8	83
32	41
832	208
7696	208
7680	1208
16	83
8	83
32	41
832	125
80	83
15360	375
7688	250
16	83
8	83
32	41
832	250
80	83
15376	291
80	83
80	83
7712	41
80	208
15424	1250
80	83
7728	458
16	83
8	41
32	41
832	208
7720	83
16	41
8	83
32	41
832	125
7704	500
7680	1083
16	41
8	250
32	83
832	208
7672	500
16	83
8	83
32	41
832	166
7656	333
16	1000
8	83
32	41
832	166
80	125
15312	541
80	83
80	41
7680	250
16	41
8	125
32	83
832	83
80	83
15360	458
80	83
7696	166
7680	1750
16	83
8	83
32	41
832	166
80	83
15360	208
80	125
80	41
7704	250
16	41
8	41
32	41
832	166
7680	1083
16	125
8	83
32	83
832	166
80	125
15360	208
80	125
80	83
7704	83
16	83
8	83
32	41
832	125
7688	250
7672	1916
16	41
8	125
32	41
832	166
80	125
15344	458
7680	166
16	41
8	83
32	41
832	166
80	375
15360	3541
7688	1291
16	83
8	83
32	83
832	125
80	41
15376	208
80	125
7704	41
16	41
8	83
32	41
832	166
80	125
15408	1333
80	41
7720	250
16	41
8	125
32	125
832	83
16	83
8	83
32	41
832	125
7704	83
7696	583
16	125
8	83
32	41
832	166
80	41
15392	166
80	41
7712	41
16	41
8	125
32	41
832	83
7704	1541
16	208
8	208
32	41
832	166
16	166
8	208
32	41
832	250
7680	375
80	250
15360	1333
80	83
7696	250
16	83
8	83
32	333
832	166
7680	208
16	83
8	41
32	41
832	125
7656	125
7632	1458
16	125
8	83
32	83
832	125
7616	125
16	83
8	83
32	83
832	125
7608	291
7600	1916
16	125
8	125
32	41
832	83
80	83
15200	250
80	125
7616	125
16	83
8	83
32	0
832	41
80	83
15232	83
80	41
7632	41
80	458
15264	583
7640	166
16	125
8	83
32	41
832	166
7624	41
16	41
8	83
32	83
832	41
7608	291
7600	1708
16	83
8	83
32	41
832	83
16	83
8	41
32	41
832	125
80	83
15200	250
80	41
7616	41
7600	1375
16	125
8	83
32	83
832	166
7584	208
16	41
8	83
32	41
832	166
80	125
15168	375
7592	41
80	333
15184	1083
80	83
7608	83
16	166
8	83
32	291
832	208
80	83
15216	0
80	83
80	41
7632	41
16	41
8	41
32	41
832	125
80	125
15264	500
80	41
80	83
7656	250
7632	1166
16	83
8	125
32	83
832	166
7624	333
16	83
8	41
32	41
832	41
7608	83
7600	1916
16	83
8	83
32	41
832	125
80	83
15200	333
80	83
7616	41
16	83
8	41
32	41
832	125
80	83
15232	83
80	83
80	41
7640	41
80	375
15280	958
80	83
7656	83
16	125
8	291
32	83
832	166
7640	250
16	83
8	83
32	83
832	125
7632	83
7624	1375
16	125
8	125
32	83
832	125
80	83
15248	458
80	0
80	0
7648	2625
16	83
8	166
32	83
832	541
80	83
15296	208
80	83
7664	0
80	208
15328	833
80	125
7680	41
16	83
8	83
32	83
832	125
7664	500
16	125
8	83
32	41
832	166
80	83
15328	500
7672	166
80	208
15344	916
80	125
7688	333
16	83
8	83
32	0
832	208
7672	500
16	250
8	166
32	83
832	291
80	0
15344	541
80	41
7688	166
7664	875
16	83
8	83
32	83
832	208
16	83
8	83
32	41
832	83
80	125
15328	458
80	83
80	83
7688	375
16	666
8	125
32	83
832	166
7664	3416
16	41
8	83
32	83
832	125
7648	1666
16	125
8	41
32	41
832	125
7624	250
16	83
8	83
32	83
832	166
7600	83
80	166
15200	1250
80	83
80	125
7624	166
16	125
8	41
32	41
832	125
80	83
15248	500
80	83
80	83
7648	375
16	83
8	83
32	41
832	125
7640	125
80	250
15280	1125
80	83
80	83
7664	250
16	83
8	125
32	83
832	166
80	41
15328	125
80	125
80	41
7688	208
16	83
8	83
32	41
832	166
80	83
15376	291
7696	41
80	208
15392	1625
7704	41
16	83
8	83
32	83
832	166
80	125
15408	83
80	41
80	83
7728	41
16	41
8	41
32	41
832	125
80	83
15456	83
80	83
7744	41
16	750
8	125
32	83
832	208
80	83
15488	916
80	41
7760	250
16	41
8	41
32	41
832	166
7752	625
80	41
15504	666
80	125
80	83
7776	250
16	125
8	83
32	83
832	208
7760	250
16	83
8	83
32	83
832	125
80	83
15520	250
80	125
7776	41
80	333
15552	541
7784	250
16	125
8	291
32	41
832	166
80	83
15568	625
80	83
80	41
7808	250
16	41
8	83
32	41
832	83
7800	83
7776	1458
16	83
8	125
32	41
832	208
80	125
15552	250
80	83
7792	83
16	83
8	83
32	41
832	125
80	83
15584	291
80	83
7808	83
7792	3958
16	83
8	83
32	41
832	166
7784	83
16	41
8	125
32	41
832	83
7768	541
7744	2166
16	125
8	250
32	83
832	166
7720	41
16	208
8	83
32	41
832	125
80	125
15440	625
80	83
7736	166
80	166
15472	4583
80	125
7752	166
16	125
8	83
32	333
832	166
16	125
8	83
32	41
832	166
7728	500
80	166
15456	1458
80	125
80	83
7752	291
16	125
8	41
32	41
832	166
7744	125
16	41
8	83
32	83
832	125
7728	333
7704	1916
16	125
8	83
32	83
832	208
16	83
8	83
32	83
832	166
80	125
15408	333
7712	41
80	83
15424	1583
80	41
7728	208
16	83
8	125
32	41
832	166
80	125
15456	416
80	83
80	41
7752	166
16	83
8	83
32	41
832	166
80	83
15504	125
80	125
7768	41
7752	2583
16	83
8	83
32	41
832	166
16	83
8	83
32	41
832	166
80	83
15504	458
80	83
80	41
7776	41
80	208
15552	1250
80	0
80	83
7800	708
16	125
8	83
32	41
832	166
80	83
15600	541
7808	41
16	83
8	83
32	41
832	166
80	125
15616	83
80	83
7824	41
80	166
15648	1041
7832	583
16	83
8	166
32	41
832	166
7816	250
16	41
8	83
32	83
832	166
80	41
15632	333
80	83
7832	41
16	1000
8	83
32	41
832	1458
16	125
8	125
32	83
832	166
7824	583
7800	3916
16	125
8	83
32	41
832	166
80	83
15600	333
80	83
7816	41
16	41
8	83
32	41
832	41
80	166
15632	1291
7824	166
16	125
8	83
32	41
832	125
80	83
15648	541
7832	166
16	125
8	83
32	41
832	166
80	83
15664	83
80	41
80	83
7856	41
7840	1250
16	125
8	83
32	41
832	125
80	83
15680	250
80	83
80	83
7864	41
16	83
8	83
32	41
832	166
7848	250
7824	1875
16	83
8	83
32	41
832	166
16	83
8	83
32	41
832	125
7808	583
7784	4166
16	83
8	83
32	83
832	250
16	83
8	41
32	83
832	83
7768	250
7752	583
16	125
8	83
32	41
11	125
640	125
11	83
11	41
832	208
7728	541
80	250
15456	208
80	208
7744	41
16	41
8	83
32	83
832	333
7728	125
7720	1291
16	83
8	83
32	41
20	166
832	166
80	166
15440	333
7728	41
16	41
8	83
32	83
832	125
80	83
15456	41
7736	41
7728	1291
16	125
8	41
32	83
832	166
16	83
8	83
32	83
832	125
7712	250
16	1250
8	83
32	41
832	208
80	125
15424	666
80	0
7728	0
16	83
8	83
32	0
832	83
7720	125
16	1083
8	83
32	83
832	166
7704	833
16	83
8	83
32	41
832	83
7696	291
7688	2083
16	125
8	41
32	41
832	250
7672	250
16	41
8	83
32	41
832	125
80	208
15344	1666
80	125
7688	166
16	125
8	83
32	83
832	166
80	83
15376	500
80	83
80	125
7712	250
16	83
8	83
32	41
832	166
80	83
15424	500
7720	83
80	208
15440	1416
80	125
7736	208
16	83
8	125
32	41
832	166
16	41
8	83
32	41
832	125
7720	125
7704	1833
16	125
8	125
32	41
832	125
80	83
15408	333
80	41
7720	0
16	41
8	166
32	41
832	291
7712	458
80	208
15424	1208
80	125
80	125
7736	416
16	125
8	83
32	83
832	208
16	83
8	83
32	83
832	166
80	83
15472	41
80	41
80	83
7760	41
80	291
15520	1041
7768	833
16	125
8	83
32	41
832	208
16	41
8	41
32	83
832	125
7752	250
7744	2625
16	125
8	83
32	83
832	166
7728	83
16	83
8	83
32	41
832	83
80	125
15456	416
80	83
80	83
7752	208
7736	1875
16	83
8	83
32	83
832	166
7712	333
16	83
8	83
32	41
832	166
16	750
8	83
32	41
20	166
208	41
11	83
208	166
832	166
1536	291
80	125
15424	208
7720	166
7696	83
16	250
8	83
32	41
832	208
80	83
15392	291
80	125
7712	83
80	208
15424	2166
80	291
7728	208
16	83
8	83
32	41
832	291
80	125
15456	333
7736	41
16	83
8	83
32	41
832	125
80	125
15472	666
7744	166
7720	1041
16	83
8	83
32	41
832	166
16	83
8	41
32	83
832	166
7704	83
7680	1833
16	125
8	83
32	41
832	125
7656	416
16	41
8	41
32	83
832	166
80	125
15312	250
80	83
80	83
7680	41
7656	1250
16	83
8	83
32	83
416	166
20	125
20	41
11	83
832	41
7640	125
16	83
8	83
32	41
20	83
832	125
80	41
15280	208
7648	41
7632	1041
16	125
8	83
32	83
832	166
7616	83
16	83
8	41
32	41
832	166
7592	250
80	541
15184	458
80	83
7608	333
16	125
8	41
32	0
416	166
20	83
11	0
11	83
832	208
80	125
15216	375
7616	41
7592	125
80	83
15184	125
7600	41
16	125
8	83
32	83
832	166
7584	125
7568	1916
16	83
8	41
32	83
416	166
20	125
11	83
832	83
7552	125
7528	166
16	83
8	83
32	83
832	125
80	83
15056	458
80	83
80	83
7552	208
7528	958
16	125
8	83
32	41
416	125
20	125
11	0
832	166
80	125
15056	541
80	125
80	0
7552	125
7544	83
80	83
15088	83
7552	41
16	83
8	83
32	83
832	166
80	83
15104	0
7560	0
7544	1750
16	83
8	125
32	41
416	125
20	125
11	83
832	125
7528	83
7520	41
80	166
15040	125
80	41
7536	41
16	41
8	41
32	83
832	166
7528	916
16	0
8	41
32	0
832	208
80	83
15056	625
80	125
7544	291
16	41
8	41
32	83
832	166
80	125
15088	333
7552	41
80	333
15104	2083
7560	250
16	83
8	83
32	41
11	208
640	250
832	166
80	125
15120	166
7568	83
80	83
15136	41
80	83
7584	0
16	83
8	83
32	83
832	125
80	83
15168	83
80	83
80	83
7608	0
7584	1583
16	125
8	83
32	83
416	125
20	83
11	83
832	166
80	83
15168	500
80	83
7600	41
80	83
15200	41
80	41
7616	41
7608	250
16	83
8	125
32	0
832	208
7584	125
16	500
8	125
32	41
11	166
640	125
416	125
20	125
11	83
11	166
1	83
1	41
1	0
832	166
80	41
15168	208
80	83
7600	41
7576	41
7560	41
16	83
8	83
32	83
832	166
7536	83
16	916
8	83
32	41
832	166
80	83
15072	583
7544	166
16	83
8	83
32	41
832	208
80	83
15088	83
80	83
7560	41
7552	1083
16	83
8	125
32	83
416	208
20	0
11	125
832	41
7536	500
7512	250
80	83
15024	250
80	83
80	41
7536	41
16	83
8	41
32	83
832	41
80	83
15072	291
80	83
7552	41
7536	1791
16	83
8	83
32	41
416	83
20	83
11	83
832	125
80	83
15072	416
80	125
80	83
7560	41
80	83
15120	83
80	41
7576	41
16	83
8	83
32	83
832	125
7560	333
7552	1250
16	83
8	83
32	83
416	166
20	83
11	83
832	83
7544	125
7536	125
80	125
15072	208
80	83
80	41
7560	41
16	83
8	41
32	41
832	41
7552	83
7528	1583
16	125
8	83
32	83
416	166
20	83
11	83
832	41
7512	375
7488	166
7464	41
16	41
8	83
32	83
832	125
7456	83
80	375
14912	2291
80	83
7472	41
16	83
8	83
32	41
416	208
20	0
11	41
832	41
80	83
14944	500
7480	166
80	125
14960	83
80	41
80	83
7504	41
80	41
15008	41
7512	41
16	41
8	125
32	83
832	83
80	83
15024	41
7520	41
7496	1083
16	125
8	250
32	83
416	250
20	41
11	83
832	125
7472	291
16	41
8	83
32	83
832	125
16	833
8	125
32	41
416	166
20	83
11	41
832	208
7448	541
80	125
14896	125
80	83
7464	41
7440	166
16	83
8	83
32	41
832	83
80	41
14880	83
7448	0
16	1208
8	83
32	41
416	125
20	41
11	83
832	83
80	125
14896	416
80	83
7464	208
80	83
14928	83
80	83
7480	41
16	0
8	83
32	83
832	125
7456	291
16	750
8	83
32	83
416	166
20	41
11	41
832	83
80	83
14912	583
7464	125
80	125
14928	83
80	125
80	125
7488	41
80	125
14976	0
80	41
80	83
7512	41
16	0
8	41
32	41
832	125
80	125
15024	333
80	250
80	41
7536	208
16	1291
8	83
32	83
416	125
20	83
11	83
832	166
7512	3541
80	83
15024	208
80	83
7528	41
16	83
8	83
32	41
832	83
7520	166
80	458
15040	2125
80	541
80	83
7544	500
16	250
8	166
32	41
832	250
80	41
15088	41
80	0
80	83
7568	41
16	41
8	41
32	41
832	208
80	125
15136	583
7576	166
80	500
15152	1833
80	41
80	41
7600	416
16	83
8	125
32	83
416	375
20	41
11	41
832	41
80	41
15200	83
80	83
7616	41
80	83
15232	41
80	41
7632	41
16	41
8	83
32	83
832	125
7624	291
80	375
15248	1708
7632	83
16	166
8	208
32	41
416	166
20	125
11	41
11	250
832	333
7624	875
80	125
15248	250
7632	41
16	83
8	125
32	41
832	250
80	83
15264	625
80	41
7648	166
80	458
15296	1750
80	83
7664	250
16	125
8	41
32	41
416	166
20	83
11	83
832	125
80	83
15328	83
80	125
7680	41
16	41
8	83
32	83
832	125
7656	333
80	666
15312	2125
7664	41
16	166
8	166
32	41
416	208
20	83
11	83
832	166
80	41
15328	83
80	41
80	41
7688	291
16	83
8	83
32	41
832	208
80	125
15376	458
80	125
80	41
7712	250
80	250
15424	3666
80	83
7728	41
16	83
8	41
32	41
416	166
20	83
11	41
832	41
7720	541
16	41
8	83
32	83
832	125
7704	83
80	375
15408	1125
80	41
80	125
7728	291
16	83
8	83
32	0
832	166
16	41
8	83
32	41
832	83
80	166
15456	541
80	83
7744	166
80	125
15488	1583
80	83
80	41
7768	416
16	83
8	83
32	208
208	166
832	125
832	125
832	83
832	83
832	83
3072	208
832	41
832	41
832	83
832	83
832	0
6144	333
832	83
832	83
832	83
832	125
832	83
832	83
832	125
832	41
832	166
832	166
832	41
12288	291
832	83
832	166
832	166
832	41
832	41
832	125
832	41
832	41
832	125
832	83
832	166
832	83
832	83
832	125
832	166
832	83
832	208
832	83
832	83
832	83
832	416
24576	250
832	41
832	83
832	125
832	166
832	166
832	125
832	291
832	166
832	83
832	83
832	125
832	166
832	41
832	208
832	83
832	208
832	166
832	41
832	166
832	166
832	83
832	83
832	41
832	83
832	83
832	83
832	41
832	83
832	41
832	83
832	41
832	83
832	41
832	83
832	0
832	83
832	83
832	83
832	83
832	83
832	83
832	83
832	83
49152	3416
832	41
832	0
832	83
832	83
832	83
832	41
832	83
832	83
832	0
832	41
832	83
832	83
832	41
832	125
832	83
832	83
832	83
832	83
832	166
832	83
832	41
832	41
832	41
832	83
832	83
832	83
832	83
832	83
832	41
832	83
832	83
832	41
832	83
832	41
832	41
832	83
832	83
832	83
832	41
832	41
832	83
832	83
832	125
832	83
832	41
832	83
832	83
832	83
832	83
832	83
832	41
832	83
832	83
832	83
832	41
832	83
832	41
832	41
832	41
832	41
832	83
832	41
832	41
832	83
832	83
832	83
832	83
832	0
832	41
832	83
832	41
832	41
832	41
832	83
832	41
832	166
832	83
832	83
832	83
832	83
832	41
832	83
832	83
832	41
832	83
98304	541
832	83
832	41
832	83
832	83
832	83
832	41
832	41
832	41
832	41
832	83
832	83
832	0
832	41
832	125
832	41
832	41
832	83
832	83
832	83
832	83
832	83
832	41
832	83
832	41
832	41
832	83
832	41
832	41
832	83
832	83
832	83
832	41
832	41
832	83
832	41
832	41
832	83
832	41
832	83
832	83
832	41
832	83
832	83
832	41
832	41
832	41
832	83
832	83
832	41
832	41
832	41
832	125
832	41
832	83
832	41
832	83
832	41
832	41
832	41
832	41
832	41
832	83
832	83
832	83
832	83
832	83
832	41
832	41
832	83
832	83
832	166
832	41
832	41
832	41
832	83
832	83
832	83
832	41
832	41
832	41
832	41
832	83
832	41
832	41
832	125
832	41
832	41
832	41
832	83
832	83
832	41
832	83
832	41
832	83
832	125
832	83
832	41
832	83
832	83
832	41
832	0
832	83
832	83
832	83
832	83
832	83
832	83
832	83
832	41
832	41
832	83
832	0
832	41
832	41
832	41
832	41
832	83
832	83
832	41
832	83
832	83
832	83
832	83
832	41
832	83
832	83
832	83
832	83
832	83
832	83
832	41
832	83
832	83
832	83
832	83
832	83
832	83
832	41
832	41
832	41
832	41
832	41
832	41
832	83
832	83
832	41
832	83
832	83
832	41
832	41
832	83
832	83
832	125
832	125
832	125
832	125
832	250
832	208
832	83
832	166
832	166
832	83
832	208
832	83
832	83
832	41
832	125
832	41
832	166
832	250
832	83
196608	5666
832	83
832	125
832	83
832	83
832	83
832	375
832	41
832	208
832	208
832	83
832	125
832	375
832	125
832	83
832	125
832	41
832	375
832	125
832	83
832	83
832	250
832	83
832	166
832	41
832	250
832	375
832	416
832	83
832	250
832	208
832	250
832	166
832	83
832	83
832	250
832	83
832	208
832	125
832	83
832	83
832	41
832	83
832	166
832	83
832	83
832	125
832	83
832	125
832	0
832	83
832	83
832	83
832	83
832	83
832	125
832	83
832	83
832	83
832	125
832	125
832	83
832	83
832	83
832	41
832	166
832	83
832	125
832	83
832	83
832	125
832	83
832	41
832	166
832	166
832	83
832	166
832	41
832	125
832	83
832	166
832	125
832	166
832	83
832	166
832	83
832	83
832	250
832	83
832	83
832	83
832	166
832	83
832	83
832	83
832	125
832	166
832	125
832	166
832	83
832	83
832	83
832	208
832	83
832	166
832	166
832	83
832	166
832	83
832	83
832	83
832	1375
832	166
832	166
832	83
832	166
832	41
832	125
832	83
832	166
832	83
832	83
832	83
832	125
832	125
832	83
832	166
832	83
832	83
832	41
832	41
832	166
832	166
832	125
832	166
832	208
832	166
832	166
832	83
832	83
832	83
832	166
832	41
832	125
832	166
832	208
832	83
832	83
832	166
832	166
832	83
832	83
832	166
832	208
832	208
832	166
832	83
832	125
832	166
832	125
832	83
832	166
832	166
832	166
832	125
832	83
832	125
832	208
832	41
832	208
832	83
832	83
832	208
832	208
832	208
832	83
832	83
832	125
832	166
832	250
832	250
832	166
832	250
832	250
832	250
832	125
832	125
832	83
832	83
832	41
832	250
832	83
832	83
832	375
832	166
832	83
832	250
832	83
832	83
832	41
832	83
832	83
832	41
832	83
832	125
832	83
832	83
832	83
832	41
832	41
832	83
832	41
832	41
832	83
832	83
832	83
832	41
832	41
832	83
832	83
832	83
832	41
832	83
832	41
832	125
832	41
832	83
832	83
832	41
832	41
832	41
832	41
832	41
832	41
832	41
832	83
832	41
832	41
832	83
832	83
832	125
832	41
832	83
832	41
832	83
832	83
832	83
832	83
832	41
832	83
832	41
832	83
832	41
832	83
832	83
832	41
832	41
832	83
832	83
832	83
832	83
832	41
832	125
832	41
832	41
832	41
832	83
832	41
832	41
832	83
832	83
832	83
832	41
832	83
832	83
832	41
832	41
832	83
832	41
832	41
832	83
832	83
832	41
832	83
832	83
832	83
832	83
832	41
832	83
832	41
832	83
832	83
832	41
832	125
832	41
832	83
832	41
832	41
832	83
832	83
832	41
832	83
832	83
832	83
832	41
832	83
832	83
832	83
832	41
832	41
832	83
832	41
832	83
832	41
832	83
832	125
832	83
832	83
832	41
832	83
832	41
832	83
832	83
832	83
832	83
832	83
832	83
832	83
832	83
832	83
832	41
832	41
832	83
832	83
832	41
832	83
832	41
832	41
832	83
832	83
832	41
832	83
393216	416
832	41
832	41
832	41
832	83
832	83
832	41
832	41
832	41
832	83
832	41
832	83
832	41
832	83
832	83
832	41
832	41
832	83
832	83
832	41
832	41
832	83
832	83
832	83
832	83
832	83
832	83
832	41
832	41
832	41
832	41
832	83
832	41
832	41
832	83
832	125
832	83
832	41
832	83
832	83
832	41
832	41
832	83
832	83
832	83
832	83
832	83
832	41
832	83
832	83
832	41
832	41
832	83
832	83
832	83
832	83
832	41
832	83
832	83
832	83
832	83
832	83
832	41
832	83
832	83
832	83
832	41
832	83
832	41
832	83
832	83
832	83
832	83
832	83
832	83
832	83
832	83
832	41
832	41
832	125
832	83
832	83
832	83
832	83
832	83
832	83
832	41
832	83
832	83
832	83
832	0
832	83
832	83
832	83
832	41
832	83
832	83
832	83
832	41
832	83
832	83
832	41
832	83
832	41
832	41
832	125
832	41
832	41
832	41
832	83
832	41
832	83
832	41
832	83
832	83
832	41
832	83
832	83
832	83
832	83
832	41
832	41
832	125
832	41
832	41
832	41
832	83
832	83
832	83
832	83
832	41
832	83
832	41
832	83
832	41
832	83
832	41
832	41
832	41
11	0
7760	208
16	41
8	83
32	83
832	125
80	41
15520	166
80	41
80	83
7784	83
7760	2166
80	125
15520	208
7768	10750
8	41
11	41
20	83
